,City,Lat,Lng,Max Temp,Humidity,Cloudiness,Wind Speed,Country,Date
0,Iqaluit,63.75,-68.51,6.8,71,90,17.22,CA,1609292826
1,Salalah,17.02,54.09,69.8,46,0,6.93,OM,1609292828
2,Olavarría,-36.89,-60.32,80.01,64,0,3.0,AR,1609292829
3,Cherskiy,68.75,161.3,-33.07,84,100,1.5,RU,1609292830
4,Ushuaia,-54.8,-68.3,46.4,70,75,20.8,AR,1609292831
5,Hirara,24.8,125.28,59.0,87,75,20.8,JP,1609292832
6,Bluff,-46.6,168.33,63.0,76,83,5.01,NZ,1609292834
7,Ancud,-41.87,-73.82,50.0,76,90,8.05,CL,1609292835
8,Rikitea,-23.12,-134.97,77.49,75,96,4.72,PF,1609292837
9,San Patricio,28.02,-97.52,69.8,88,20,21.92,US,1609292838
10,Busselton,-33.65,115.33,82.0,50,0,3.0,AU,1609292633
11,Port Alfred,-33.59,26.89,66.99,90,97,4.0,ZA,1609292840
12,Rio Grande,-32.03,-52.1,75.0,90,0,12.03,BR,1609292583
13,Filingué,14.35,3.32,66.52,24,0,8.77,NE,1609292843
14,Longyearbyen,78.22,15.64,30.2,80,75,4.7,SJ,1609292844
15,Cape Town,-33.93,18.42,63.0,87,0,6.93,ZA,1609292660
16,George Town,5.41,100.34,80.6,83,20,4.7,MY,1609292695
17,Tasiilaq,65.61,-37.64,17.6,92,35,1.12,GL,1609292848
18,Kaitangata,-46.28,169.85,61.0,79,100,8.99,NZ,1609292849
19,Morgan City,29.7,-91.21,64.4,77,1,9.17,US,1609292850
20,New Norfolk,-42.78,147.06,78.01,33,39,4.0,AU,1609292852
21,Villacarrillo,38.12,-3.08,37.0,95,51,2.59,ES,1609292853
22,Gwadar,25.12,62.33,61.77,31,0,15.64,PK,1609292647
23,Butaritari,3.07,172.79,82.04,79,100,18.14,KI,1609292855
24,Auki,-8.77,160.7,82.24,79,83,6.46,SB,1609292857
25,Albany,42.6,-73.97,24.01,52,0,9.71,US,1609292778
26,Castro,-24.79,-50.01,64.42,92,39,2.89,BR,1609292859
27,Merauke,-8.47,140.33,80.04,83,100,13.2,ID,1609292860
28,Arraial do Cabo,-22.97,-42.03,75.6,86,100,23.09,BR,1609292837
29,Den Helder,52.96,4.76,37.99,93,90,2.24,NL,1609292863
30,Kahului,20.89,-156.47,84.2,54,40,20.8,US,1609292674
31,Guerrero Negro,27.98,-114.06,57.92,70,0,14.32,MX,1609292811
32,Khatanga,71.97,102.5,-31.0,83,0,7.07,RU,1609292866
33,Bethel,41.37,-73.41,26.6,53,1,6.93,US,1609292868
34,Cayenne,4.93,-52.33,75.2,100,0,7.09,GF,1609292869
35,Saint-Philippe,-21.36,55.77,75.2,73,0,16.11,RE,1609292870
36,Kahama,-3.83,32.6,62.96,93,98,2.26,TZ,1609292871
37,Nikolskoye,59.7,30.79,28.4,92,90,17.9,RU,1609292873
38,Hilo,19.73,-155.09,80.6,65,40,10.29,US,1609292874
39,Punta Arenas,-53.15,-70.92,46.4,65,0,26.4,CL,1609292810
40,Jalu,29.03,21.55,52.38,53,0,9.28,LY,1609292876
41,Ribeira Brava,32.65,-17.07,60.8,63,75,10.29,PT,1609292878
42,Norman Wells,65.28,-126.83,-5.8,83,75,3.36,CA,1609292660
43,Chokurdakh,70.63,147.92,-33.43,85,100,7.99,RU,1609292880
44,Sainte-Anne-des-Monts,49.12,-66.49,19.4,73,63,32.21,CA,1609292882
45,Cabo San Lucas,22.89,-109.91,68.0,68,20,16.11,MX,1609292600
46,Tabou,4.42,-7.35,78.62,84,1,4.16,CI,1609292884
47,Kamskiye Polyany,55.43,51.42,5.0,92,90,6.71,RU,1609292885
48,Poya,-21.35,165.15,84.72,67,78,8.23,NC,1609292887
49,Atuona,-9.8,-139.03,79.0,72,25,13.69,PF,1609292888
50,Mataura,-46.19,168.86,63.0,76,100,5.01,NZ,1609292889
51,Hermanus,-34.42,19.23,62.01,83,0,7.0,ZA,1609292890
52,Saint Paul Harbor,57.79,-152.41,37.4,93,90,14.99,US,1609292892
53,Maniitsoq,65.42,-52.9,28.71,98,100,22.32,GL,1609292893
54,Caborca,30.58,-111.1,54.0,49,98,11.9,MX,1609292894
55,Talnakh,69.49,88.4,-11.2,76,0,6.71,RU,1609292896
56,Bredasdorp,-34.53,20.04,59.0,77,0,4.7,ZA,1609292897
57,Faanui,-16.48,-151.75,80.92,80,100,15.28,PF,1609292898
58,Ulaanbaatar,47.91,106.88,-29.2,60,0,2.93,MN,1609292838
59,Altamira,-3.2,-52.21,74.17,95,100,1.3,BR,1609292613
60,Saldanha,-33.01,17.94,57.2,76,0,2.24,ZA,1609292902
61,Cadereyta,25.58,-99.98,71.6,40,40,8.05,MX,1609292903
62,Puerto Ayora,-0.74,-90.35,73.0,93,94,7.0,EC,1609292904
63,Ocean City,39.28,-74.57,32.0,58,1,6.93,US,1609292905
64,Carnot,4.94,15.87,71.67,34,100,3.33,CF,1609292907
65,Cidreira,-30.18,-50.21,75.11,89,3,13.73,BR,1609292659
66,Yuci,37.68,112.73,6.8,26,0,13.42,CN,1609292909
67,Portland,45.52,-122.68,39.99,69,90,8.05,US,1609292735
68,Hornepayne,49.21,-84.77,18.5,92,100,10.29,CA,1609292911
69,Three Hills,51.7,-113.27,3.2,77,100,1.12,CA,1609292665
70,Carnarvon,-24.87,113.63,80.6,83,92,12.75,AU,1609292914
71,Raudeberg,61.99,5.14,37.0,72,95,5.59,NO,1609292915
72,Geraldton,-28.77,114.6,78.8,69,0,12.75,AU,1609292917
73,Torbay,47.67,-52.73,36.0,100,90,8.05,CA,1609292919
74,Batagay,67.63,134.63,-31.65,83,93,1.5,RU,1609292920
75,Svetlaya,46.54,138.33,-1.17,77,0,7.92,RU,1609292922
76,Qaanaaq,77.48,-69.36,7.47,84,86,0.34,GL,1609292923
77,St. George's,12.06,-61.75,78.8,88,20,6.51,GD,1609292924
78,Mahébourg,-20.41,57.7,77.0,78,40,10.29,MU,1609292786
79,Hithadhoo,-0.6,73.08,81.91,77,15,9.64,MV,1609292670
80,Bandarbeyla,9.49,50.81,73.17,79,44,19.86,SO,1609292928
81,Zhigansk,66.77,123.37,-4.88,89,100,23.17,RU,1609292929
82,Vaini,-21.2,-175.2,80.6,83,90,9.17,TO,1609292930
83,Luena,-11.78,19.92,62.64,97,98,4.99,AO,1609292931
84,Petropavlovsk-Kamchatskiy,53.05,158.65,10.4,60,81,8.95,RU,1609292932
85,Tiksi,71.69,128.87,-3.57,91,100,7.58,RU,1609292934
86,Saint-François,46.42,3.91,39.99,87,75,4.7,FR,1609292935
87,Suez,29.97,32.53,56.46,68,0,8.43,EG,1609292936
88,Mapiri,-15.25,-68.17,68.23,87,100,0.81,BO,1609292937
89,Kapaa,22.08,-159.32,80.6,69,1,3.36,US,1609292939
90,Narsaq,60.92,-46.05,19.4,57,79,3.36,GL,1609292940
91,Muroto-misakicho,33.28,134.15,57.2,58,75,9.17,JP,1609292941
92,Honiara,-9.43,159.95,86.0,74,20,4.7,SB,1609292942
93,Zhangye,38.93,100.45,6.13,79,52,2.08,CN,1609292715
94,Alekseyevsk,57.84,108.35,-30.39,81,0,4.05,RU,1609292945
95,Yellowknife,62.46,-114.35,-5.8,76,75,2.24,CA,1609292711
96,Saskylakh,71.92,114.08,-23.75,85,83,12.66,RU,1609292947
97,Jamestown,42.1,-79.24,19.0,67,1,3.58,US,1609292475
98,Makat,47.65,53.35,12.56,94,96,9.55,KZ,1609292950
99,Okhotsk,59.38,143.3,-3.59,89,100,12.01,RU,1609292951
100,Sorong,-0.88,131.25,83.43,75,100,3.2,ID,1609292952
101,Najrān,17.49,44.13,50.0,61,0,1.21,SA,1609292954
102,Ponta do Sol,32.67,-17.1,60.8,67,40,14.99,PT,1609292955
103,Upernavik,72.79,-56.15,17.11,80,47,7.2,GL,1609292956
104,Riberalta,-10.98,-66.1,73.62,97,100,2.42,BO,1609292957
105,Berlevåg,70.86,29.09,31.19,95,100,17.67,NO,1609292958
106,Kelmė,55.63,22.93,39.2,86,90,16.11,LT,1609292960
107,Cernay,47.81,7.18,37.99,100,75,4.7,FR,1609292961
108,Santiago del Estero,-27.8,-64.26,84.0,67,9,5.01,AR,1609292962
109,Santa Maria da Vitória,-13.39,-44.19,73.09,70,50,2.95,BR,1609292963
110,Shingū,33.73,135.98,51.8,76,75,18.34,JP,1609292965
111,Roebourne,-20.78,117.13,95.13,43,65,4.9,AU,1609292966
112,Seoul,37.57,126.98,14.0,51,1,5.82,KR,1609292789
113,Lampazos de Naranjo,27.02,-100.52,67.3,49,80,7.47,MX,1609292968
114,Port Hardy,50.7,-127.42,42.8,86,90,28.86,CA,1609292711
115,Laguna,38.42,-121.42,55.4,32,1,3.36,US,1609292970
116,Sept-Îles,50.2,-66.38,14.0,66,91,16.11,CA,1609292972
117,Nanortalik,60.14,-45.24,24.82,90,36,5.66,GL,1609292973
118,Alihe,50.57,123.72,-3.66,76,69,9.86,CN,1609292974
119,Kavaratti,10.57,72.64,81.23,78,15,11.88,IN,1609292976
120,Mahuva,21.09,71.76,58.62,36,95,15.5,IN,1609292977
121,Banda Aceh,5.56,95.32,80.74,76,2,9.53,ID,1609292978
122,Jiazi,22.88,116.07,55.65,55,71,19.86,CN,1609292979
123,Helong,42.54,129.0,-3.08,72,76,9.57,CN,1609292981
124,Bengkulu,-3.8,102.27,83.21,63,78,1.5,ID,1609292982
125,Vavoua,7.38,-6.48,70.05,28,55,1.52,CI,1609292983
126,Røros,62.57,11.38,30.2,86,92,6.93,NO,1609292984
127,Tuktoyaktuk,69.45,-133.04,-7.6,83,90,9.17,CA,1609292985
128,Thompson,55.74,-97.86,3.2,91,90,4.7,CA,1609292987
129,Airai,-8.93,125.41,72.59,75,89,2.15,TL,1609292988
130,Ust'-Omchug,61.15,149.63,-18.36,84,100,11.43,RU,1609292989
131,Chui,-33.7,-53.46,69.03,88,0,9.86,UY,1609292991
132,Corbu,44.38,28.65,46.4,100,0,9.17,RO,1609292992
133,Xichang,27.9,102.26,44.01,45,28,1.77,CN,1609292993
134,Haines Junction,60.75,-137.51,19.54,94,100,1.03,CA,1609292994
135,Antonina,-25.43,-48.71,66.2,93,75,5.82,BR,1609292996
136,Kizilskoye,52.73,58.89,-1.84,90,0,1.01,RU,1609292997
137,Acapulco de Juárez,16.86,-99.89,80.6,69,20,5.82,MX,1609292998
138,Myanaung,18.28,95.32,66.87,57,25,11.92,MM,1609292788
139,Kyaikto,17.3,97.02,72.21,55,100,3.33,MM,1609293001
140,Katobu,-4.94,122.53,83.35,78,98,3.29,ID,1609293002
141,Turaif,31.67,38.66,37.4,100,0,6.93,SA,1609293003
142,Padang,-0.95,100.35,81.82,69,100,2.62,ID,1609293005
143,Staryy Nadym,65.61,72.68,-10.59,90,96,9.46,RU,1609293006
144,Kaeo,-35.1,173.78,73.85,41,100,5.82,NZ,1609293007
145,Rivers,50.03,-100.24,19.4,79,90,11.41,CA,1609293008
146,Ribeira Grande,38.52,-28.7,58.17,68,100,11.63,PT,1609293010
147,Dikson,73.51,80.55,-23.33,83,0,5.93,RU,1609293011
148,Hasaki,35.73,140.83,55.4,100,75,9.17,JP,1609293012
149,Cortez,37.35,-108.59,28.4,68,90,8.05,US,1609293014
150,Hong Kong,22.29,114.16,57.99,52,0,1.99,HK,1609293015
151,Hambantota,6.12,81.12,71.6,100,20,4.7,LK,1609293016
152,Benguela,-12.58,13.41,77.38,78,100,6.67,AO,1609293018
153,Tripoli,32.88,13.19,59.23,43,0,11.99,LY,1609293019
154,Clyde River,70.47,-68.59,-11.2,83,100,0.58,CA,1609293020
155,Mossamedes,-15.2,12.15,70.68,74,95,6.13,AO,1609293021
156,Tokur,53.13,132.9,-31.83,81,99,1.66,RU,1609293022
157,Kyzyl-Suu,42.34,78.01,18.81,66,17,8.84,KG,1609293024
158,Lockhart,28.62,-81.44,64.4,72,1,6.93,US,1609293025
159,Paungde,18.48,95.5,65.64,60,28,11.45,MM,1609293026
160,Srednekolymsk,67.45,153.68,-40.0,81,99,3.0,RU,1609293027
161,Kununurra,-15.77,128.73,87.8,70,100,8.05,AU,1609292842
162,Lebu,-37.62,-73.65,55.31,86,0,12.55,CL,1609293030
163,Zhuhai,22.28,113.57,57.2,58,20,29.97,CN,1609293031
164,Coyhaique,-45.58,-72.07,50.0,53,0,4.7,CL,1609293032
165,Isabela,6.71,121.97,86.0,70,20,3.36,PH,1609293034
166,Semīrom,31.42,51.57,27.66,93,0,1.83,IR,1609293035
167,Horom,40.66,43.89,1.4,77,0,4.7,AM,1609293036
168,Batticaloa,7.71,81.69,77.2,82,13,4.94,LK,1609292967
169,Krasnosel'kup,65.7,82.47,-8.37,88,100,15.23,RU,1609293038
170,Arlit,18.74,7.39,62.37,26,0,4.76,NE,1609293040
171,Vanavara,60.34,102.28,-32.42,82,0,1.39,RU,1609293041
172,Leoben,47.35,15.13,36.0,99,78,2.57,AT,1609293042
173,Bhānpura,24.51,75.75,46.27,54,0,8.19,IN,1609293043
174,Provideniya,64.38,-173.3,26.6,86,75,20.13,RU,1609293044
175,Salinópolis,-0.61,-47.36,80.46,77,79,11.68,BR,1609293046
176,Lagoa,39.05,-27.98,57.78,69,100,17.0,PT,1609293047
177,Xining,36.62,101.77,7.34,75,86,2.01,CN,1609293048
178,Alcúdia,39.85,3.12,52.0,57,0,10.29,ES,1609293049
179,Mar del Plata,-38.0,-57.56,72.0,88,0,3.36,AR,1609292943
180,Westport,41.14,-73.36,30.99,46,1,5.82,US,1609293052
181,Tautira,-17.73,-149.15,87.8,58,75,5.82,PF,1609293053
182,Mogadishu,2.04,45.34,78.76,82,94,18.41,SO,1609293054
183,Sisimiut,66.94,-53.67,24.67,89,100,15.97,GL,1609293055
184,Tateyama,34.98,139.87,60.8,100,75,17.22,JP,1609293057
185,Pevek,69.7,170.31,-10.86,89,100,3.51,RU,1609293058
186,La Ronge,55.1,-105.28,12.2,92,1,3.36,CA,1609293059
187,Alghero,40.56,8.32,48.2,81,0,6.93,IT,1609292971
188,Viedma,-40.81,-63.0,75.0,43,73,1.99,AR,1609293061
189,Inírida,3.87,-67.92,72.75,98,100,2.35,CO,1609293063
190,Yatou,37.15,122.38,17.55,95,97,23.55,CN,1609293064
191,Thinadhoo,0.53,72.93,82.92,71,100,7.56,MV,1609293065
192,Havøysund,71.0,24.66,32.0,93,0,32.21,NO,1609293066
193,Port Elizabeth,-33.92,25.57,62.6,93,0,8.05,ZA,1609293068
194,Kotel'nich,58.31,48.35,-5.55,91,90,5.77,RU,1609293069
195,Hobart,-42.88,147.33,78.01,42,40,11.41,AU,1609293005
196,Arica,-18.48,-70.3,68.0,72,99,6.93,CL,1609292972
197,Alofi,-19.06,-169.92,80.6,83,100,2.24,NU,1609293073
198,Atar,20.52,-13.05,68.0,34,100,2.57,MR,1609293074
199,Half Moon Bay,37.46,-122.43,55.4,57,1,8.05,US,1609293075
200,Russell,32.35,-85.2,57.2,93,1,4.72,US,1609293076
201,Yangi Marg`ilon,40.43,71.72,21.2,85,75,4.7,UZ,1609293078
202,Rafai,4.95,23.92,72.03,47,80,0.67,CF,1609293079
203,Port Pirie,-33.18,138.02,71.6,60,96,13.87,AU,1609293080
204,Skibbereen,51.55,-9.27,35.6,75,75,5.82,IE,1609293081
205,Honningsvåg,70.98,25.97,34.92,86,86,24.49,NO,1609293084
206,Agadez,19.75,10.25,53.82,38,0,0.56,NE,1609293085
207,Pisco,-13.7,-76.22,68.0,94,0,10.29,PE,1609293086
208,Vanimo,-2.67,141.3,83.8,73,100,0.16,PG,1609293087
209,Tigil',57.8,158.67,6.71,93,91,2.53,RU,1609293089
210,Waseca,44.08,-93.51,23.0,85,90,14.99,US,1609293090
211,Phan Thiet,10.93,108.1,78.17,72,100,3.67,VN,1609293091
212,Kibala,9.11,18.35,73.4,46,0,5.7,TD,1609293093
213,Peachtree City,33.4,-84.6,51.8,70,1,6.8,US,1609293094
214,Kortkeros,61.81,51.58,-7.6,83,0,4.47,RU,1609293095
215,Changping,40.22,116.22,12.99,23,0,20.13,CN,1609293096
216,Umba,66.69,34.34,23.05,96,100,12.62,RU,1609293097
217,Bubaque,11.28,-15.83,79.63,70,41,8.72,GW,1609293099
218,Naryan-Mar,67.67,53.09,-24.7,84,0,6.98,RU,1609293100
219,Bull Savanna,17.89,-77.59,72.48,81,45,14.41,JM,1609293101
220,Tommot,58.96,126.29,-8.23,87,100,11.23,RU,1609293102
221,Mehamn,71.04,27.85,30.45,94,96,12.08,NO,1609293104
222,Severo-Yeniseyskiy,60.37,93.04,-22.27,85,100,3.96,RU,1609293105
223,Barrow,71.29,-156.79,-4.0,76,90,14.99,US,1609292953
224,Husavik,66.04,-17.34,19.4,85,75,4.7,IS,1609293108
225,Bongandanga,1.5,21.05,71.49,91,100,2.28,CD,1609293109
226,Kouango,4.99,19.96,73.81,49,100,0.92,CF,1609293110
227,Tura,25.52,90.22,60.13,71,0,3.98,IN,1609293111
228,Lakes Entrance,-37.88,147.98,71.01,64,4,5.01,AU,1609293112
229,Tromsø,69.65,18.96,30.2,74,0,20.8,NO,1609292967
230,Lüderitz,-26.65,15.16,60.8,77,87,9.17,NA,1609293115
231,San Jerónimo,-11.95,-75.28,53.37,73,100,3.98,PE,1609293116
232,Baghdad,33.34,44.4,44.6,56,0,3.36,IQ,1609293019
233,Souillac,-20.52,57.52,77.0,78,40,10.29,MU,1609293119
234,Ponta Delgada,37.73,-25.67,51.8,76,20,8.05,PT,1609293120
235,Pinawa,50.15,-95.88,21.24,98,100,7.29,CA,1609293121
236,Gberia Fotombu,9.88,-11.17,70.39,33,0,3.94,SL,1609293123
237,Blansko,49.36,16.64,37.99,90,100,2.62,CZ,1609293124
238,Sunds,56.2,9.01,36.0,93,100,4.7,DK,1609293125
239,Kaputa,-8.47,29.66,66.83,85,66,2.64,ZM,1609293126
240,Saint-Pierre,-21.34,55.48,75.2,73,0,16.11,RE,1609293127
241,Lata,40.16,-8.33,45.0,93,19,0.31,PT,1609293129
242,Hualmay,-11.1,-77.61,69.48,87,100,8.95,PE,1609293130
243,Ostrovnoy,68.05,39.51,15.1,92,45,11.7,RU,1609293131
244,Yaan,7.38,8.57,75.78,30,20,4.81,NG,1609293132
245,Lompoc,34.64,-120.46,59.0,44,1,4.7,US,1609293133
246,Rancho Palos Verdes,33.74,-118.39,60.01,44,5,10.29,US,1609293029
247,Matara,5.95,80.54,76.41,81,0,7.54,LK,1609293136
248,Vila do Maio,15.13,-23.22,71.6,83,75,19.46,CV,1609293137
249,Wanning,18.8,110.4,67.08,73,90,22.15,CN,1609293138
250,Berdigestyakh,62.1,126.7,-17.77,88,100,5.5,RU,1609293140
251,Codrington,-38.27,141.97,65.37,65,100,12.12,AU,1609293141
252,Visnes,59.36,5.22,39.99,86,100,9.17,NO,1609293142
253,Vostok,46.49,135.88,-15.56,85,100,3.0,RU,1609293143
254,Tcholliré,8.4,14.17,68.43,30,82,1.34,CM,1609293145
255,Florianópolis,-27.61,-48.5,78.01,88,40,4.7,BR,1609293146
256,Sémbé,1.65,14.58,72.28,85,100,2.82,CG,1609293147
257,Meulaboh,4.14,96.13,78.89,81,13,4.03,ID,1609293148
258,Santa Rosa,14.31,121.11,86.0,79,40,2.24,PH,1609293150
259,Fairbanks,64.84,-147.72,1.4,91,1,1.12,US,1609293078
260,Bambous Virieux,-20.34,57.76,77.0,78,40,10.29,MU,1609293152
261,Kismayo,-0.36,42.55,80.44,82,67,17.43,SO,1609293153
262,Pringsewu,-5.36,104.97,80.91,73,57,2.39,ID,1609293154
263,Banyo,6.75,11.82,64.24,39,66,3.09,CM,1609293156
264,Bima,-8.47,118.72,86.83,64,72,2.82,ID,1609293157
265,Sampit,-2.53,112.95,84.2,68,97,4.7,ID,1609293158
266,Iracoubo,5.48,-53.2,77.94,86,54,7.49,GF,1609293160
267,Nome,64.5,-165.41,33.8,74,90,18.34,US,1609293161
268,Kitob,39.08,66.83,28.02,76,0,2.06,UZ,1609292908
269,Verāval,20.9,70.37,61.74,33,64,15.12,IN,1609293163
270,Sola,-13.88,167.55,83.16,74,55,11.1,VU,1609293165
271,Port-Cartier,50.03,-66.87,14.0,66,100,16.11,CA,1609293166
272,Stawell,-37.05,142.77,74.79,37,100,12.48,AU,1609293167
273,Andros Town,24.7,-77.77,73.4,56,20,16.11,BS,1609293168
274,Vila Velha,-20.33,-40.29,75.2,83,40,3.36,BR,1609293170
275,Ampanihy,-24.7,44.75,77.72,66,0,4.94,MG,1609293171
276,Cururupu,-1.83,-44.87,76.15,89,5,3.76,BR,1609293172
277,Felsőszentiván,46.2,19.19,44.8,89,100,12.91,HU,1609293174
278,Mokhotlong,-29.29,29.07,54.7,78,0,0.72,LS,1609293175
279,Vila Franca do Campo,37.72,-25.43,51.8,76,20,8.05,PT,1609293176
280,Kabo,7.7,18.63,73.36,31,98,4.03,CF,1609293177
281,Weyburn,49.67,-103.85,17.6,85,100,21.92,CA,1609293178
282,Coahuayana Viejo,18.73,-103.68,69.8,73,5,0.76,MX,1609293180
283,Pāliyād,22.25,71.57,49.78,45,0,10.83,IN,1609293181
284,Chambarak,40.6,45.35,28.47,81,0,3.71,AM,1609293182
285,Tālīkota,16.48,76.32,62.83,86,0,7.38,IN,1609293183
286,Tuatapere,-46.13,167.68,63.0,75,98,4.0,NZ,1609293185
287,Caravelas,-17.71,-39.25,73.53,88,0,3.04,BR,1609293186
288,Hachinohe,40.5,141.5,26.6,92,75,10.29,JP,1609293187
289,Yar-Sale,66.83,70.83,-12.01,90,98,5.97,RU,1609293188
290,Piaçabuçu,-10.41,-36.43,75.87,76,0,8.55,BR,1609293190
291,Grand Gaube,-20.01,57.66,75.0,82,1,5.01,MU,1609293191
292,Vestmannaeyjar,63.44,-20.27,32.14,91,92,15.1,IS,1609293192
293,Pahrump,36.21,-115.98,48.0,34,0,3.0,US,1609293100
294,Fallon,39.47,-118.78,35.6,47,75,6.93,US,1609293190
295,Derzhavīnsk,51.1,66.32,-4.13,92,23,3.98,KZ,1609293196
296,Gmina Jędrzejów,50.64,20.3,42.01,77,74,4.0,PL,1609293197
297,Dunkwa,5.97,-1.78,72.36,91,92,0.56,GH,1609293199
298,Beringovskiy,63.05,179.32,25.45,98,100,10.67,RU,1609293200
299,Grindavik,63.84,-22.43,30.2,92,75,8.05,IS,1609293201
300,Waipawa,-41.41,175.52,66.99,72,37,17.22,NZ,1609293202
301,Tudela,42.06,-1.6,41.0,65,40,9.17,ES,1609293204
302,Rangāpāra,26.82,92.65,58.68,61,67,4.68,IN,1609293205
303,Juneau,58.3,-134.42,37.4,93,90,14.99,US,1609293009
304,Ayan,56.45,138.17,-20.22,75,3,8.48,RU,1609293207
305,Saint George,37.1,-113.58,42.8,28,1,16.11,US,1609293086
306,Pacific Grove,36.62,-121.92,55.99,71,1,3.36,US,1609293210
307,Karlovo,42.63,24.8,46.99,81,75,4.7,BG,1609293211
308,Kiboga,0.92,31.77,63.37,90,1,1.86,UG,1609293212
309,Jand,33.43,72.02,42.08,53,0,2.01,PK,1609293214
310,Katsuura,35.13,140.3,60.8,93,75,12.75,JP,1609293215
311,Egvekinot,66.32,-179.17,-5.22,92,100,15.23,RU,1609293216
312,Bāgeshwar,29.85,79.77,40.62,42,89,2.28,IN,1609293217
313,Barão de Melgaço,-16.19,-55.97,84.2,62,0,6.93,BR,1609293218
314,Kitimat,54.05,-128.65,30.0,95,99,2.82,CA,1609293220
315,Khovd,48.01,91.64,-13.16,84,2,1.28,MN,1609293221
316,Puerto Cabezas,14.04,-83.39,74.48,89,41,4.18,NI,1609293222
317,Severo-Kuril'sk,50.68,156.12,26.11,89,91,16.6,RU,1609293223
318,Ibrā’,22.69,58.53,50.14,70,0,1.92,OM,1609293224
319,Emerald,-23.53,148.17,73.99,94,90,9.17,AU,1609293093
320,Nemuro,43.32,145.57,19.4,85,75,5.82,JP,1609293227
321,Mount Gambier,-37.83,140.77,68.0,64,90,8.05,AU,1609293228
322,Ust-Kuyga,70.02,135.6,-23.8,85,100,2.19,RU,1609293229
323,Pilar,-9.6,-35.96,73.4,88,20,2.86,BR,1609293231
324,Jiangyou,31.77,104.72,39.69,59,4,2.3,CN,1609293232
325,Port Hedland,-20.32,118.57,95.0,47,40,9.17,AU,1609293233
326,Prome,18.82,95.22,66.81,57,23,8.9,MM,1609293234
327,São João da Barra,-21.64,-41.05,75.87,84,100,18.7,BR,1609293235
328,Chumikan,54.72,135.31,-19.03,80,100,17.16,RU,1609293237
329,Taoudenni,22.68,-3.98,67.57,38,3,4.36,ML,1609293238
330,Avarua,-21.21,-159.78,84.2,74,0,4.7,CK,1609293239
331,Iquique,-20.22,-70.14,69.8,68,0,16.11,CL,1609293238
332,Mackenzie,55.3,-123.17,24.8,85,90,4.7,CA,1609293241
333,West Lorne,42.6,-81.6,30.2,63,100,6.93,CA,1609293243
334,Vaitape,-16.52,-151.75,81.68,78,83,14.58,PF,1609293244
335,Leningradskiy,69.38,178.42,-8.01,89,100,1.88,RU,1609293245
336,Vao,-22.67,167.48,77.83,80,87,21.52,NC,1609293246
337,Mount Isa,-20.73,139.5,89.6,46,40,9.17,AU,1609293248
338,Ilulissat,69.22,-51.1,19.4,48,96,24.16,GL,1609293249
339,Baryshivka,50.36,31.32,39.2,93,90,6.71,UA,1609293250
340,Dudinka,69.41,86.18,-11.2,76,0,6.71,RU,1609293251
341,Smithers,54.78,-127.17,21.2,92,75,3.36,CA,1609293175
342,Strezhevoy,60.73,77.59,-9.4,76,90,6.71,RU,1609293254
343,Aswān,24.09,32.91,59.22,46,22,8.14,EG,1609293255
344,Henties Bay,-22.12,14.28,66.0,86,100,6.2,NA,1609293256
345,Muskegon,43.3,-86.13,28.4,68,90,18.34,US,1609293257
346,Yangcun,39.36,117.06,12.2,25,0,17.9,CN,1609293258
347,Avera,33.19,-82.53,51.8,71,1,5.82,US,1609293260
348,Enniscorthy,52.5,-6.56,36.0,91,100,6.87,IE,1609293261
349,Warwick,41.7,-71.42,28.4,36,1,9.17,US,1609293222
350,Port Macquarie,-31.43,152.92,78.01,69,75,12.75,AU,1609293238
351,Kermanshah,34.31,47.06,30.2,86,0,1.86,IR,1609293264
352,Quimper,48.0,-4.1,41.0,86,0,10.29,FR,1609293229
353,Taft,31.75,54.21,32.0,70,0,4.7,IR,1609293268
354,Oshnavīyeh,37.04,45.1,29.98,87,0,0.69,IR,1609293269
355,Mayo,38.89,-76.51,32.0,83,1,3.36,US,1609293270
356,Bilma,18.69,12.92,57.72,32,0,3.8,NE,1609293272
357,Garissa,-0.45,39.64,76.8,81,7,7.9,KE,1609293274
358,Poum,-20.23,164.02,81.91,79,80,23.62,NC,1609293275
359,Esperance,-33.87,121.9,69.8,52,35,10.29,AU,1609293276
360,Aklavik,68.22,-135.01,-9.4,83,72,7.09,CA,1609293278
361,Lavrentiya,65.58,-171.0,21.15,96,100,11.48,RU,1609293279
362,Port Lincoln,-34.73,135.87,66.45,69,88,12.39,AU,1609293280
363,Itupiranga,-5.13,-49.33,74.64,90,64,0.89,BR,1609293281
364,Agutaya,11.15,120.94,82.29,84,36,18.01,PH,1609293282
365,Mayumba,-3.43,10.66,76.82,90,100,2.13,GA,1609293284
366,Itoman,26.12,127.67,60.8,77,75,35.57,JP,1609293285
367,Port Blair,11.67,92.75,80.51,78,1,11.36,IN,1609293286
368,Grafton,42.21,-71.69,25.0,44,1,3.36,US,1609293287
369,San Nicolas,18.17,120.6,78.8,83,75,13.87,PH,1609293289
370,Muisne,0.6,-80.03,74.75,84,99,8.34,EC,1609293290
371,Opuwo,-18.06,13.84,67.51,68,100,3.76,NA,1609293291
372,Fortuna,40.6,-124.16,46.4,81,1,2.55,US,1609293292
373,Lorengau,-2.02,147.27,85.44,67,45,6.98,PG,1609293294
374,San Jose,37.34,-121.89,54.0,48,30,3.38,US,1609293123
375,Asău,46.43,26.4,41.0,63,63,4.65,RO,1609293296
376,La Macarena,2.18,-73.78,73.51,84,94,2.93,CO,1609293297
377,Touros,-5.2,-35.46,78.8,78,40,9.17,BR,1609293088
378,Marsabit,2.33,37.99,67.66,63,78,8.57,KE,1609293300
379,Camocim,-2.9,-40.84,78.87,77,0,10.74,BR,1609293301
380,The Valley,18.22,-63.06,79.0,78,20,5.82,AI,1609293302
381,San Vicente,-26.62,-54.13,68.43,92,10,2.46,AR,1609293303
382,Oddur,4.12,43.89,73.74,78,1,18.59,SO,1609293305
383,Kropotkin,45.44,40.58,37.11,79,0,6.71,RU,1609293306
384,Belmonte,-15.86,-38.88,77.0,78,75,8.05,BR,1609293307
385,Hukuntsi,-24.0,21.75,71.24,78,100,15.23,BW,1609293308
386,Santiago,-33.46,-70.65,68.0,45,40,18.34,CL,1609293100
387,Burshtyn,49.26,24.63,37.53,75,10,4.92,UA,1609293311
388,Barra Patuca,15.8,-84.28,75.97,87,80,12.17,HN,1609293312
389,Marsh Harbour,26.54,-77.06,71.28,70,9,25.61,BS,1609293262
390,Zhigalovo,54.81,105.16,-26.64,81,23,1.57,RU,1609293314
391,Qasigiannguit,68.82,-51.19,19.4,48,100,24.16,GL,1609293315
392,Dhidhdhoo,6.88,73.1,81.59,79,92,10.92,MV,1609293317
393,Iturama,-19.73,-50.2,75.25,76,70,5.61,BR,1609293318
394,Waddān,29.16,16.14,53.58,40,0,6.71,LY,1609293319
395,Conde,-7.26,-34.91,78.8,78,0,12.75,BR,1609293191
396,Talara,-4.58,-81.27,68.38,88,70,16.08,PE,1609293182
397,Cajamarca,-7.16,-78.5,51.69,82,88,3.24,PE,1609293323
398,Colares,38.8,-9.45,48.0,81,0,5.01,PT,1609293324
399,Karratha,-20.74,116.85,94.26,44,31,7.54,AU,1609293325
400,Bayeux,-7.12,-34.93,78.8,78,0,12.75,BR,1609293326
401,Stokmarknes,68.56,14.91,37.0,74,0,3.0,NO,1609293328
402,Vysokogornyy,50.12,139.15,-18.9,83,59,2.62,RU,1609293329
403,Truth or Consequences,33.13,-107.25,45.0,48,90,13.87,US,1609293330
404,Qaqortoq,60.72,-46.03,19.4,57,77,3.36,GL,1609293331
405,Tual,-5.67,132.75,84.54,74,72,11.9,ID,1609293332
406,East London,-33.02,27.91,69.98,80,94,15.12,ZA,1609293334
407,Oktyabr'skiy,54.48,53.47,-6.63,91,1,1.68,RU,1609293335
408,Byron Bay,-28.65,153.62,75.2,83,75,9.17,AU,1609293095
409,Eenhana,-17.47,16.33,75.2,78,100,3.36,NA,1609293337
410,San Quintín,30.48,-115.95,57.47,71,0,9.55,MX,1609293338
411,Hobyo,5.35,48.53,78.62,79,37,21.25,SO,1609293340
412,Rome,43.21,-75.46,17.01,78,75,1.36,US,1609293341
413,Torrox,36.76,-3.95,41.0,63,1,7.0,ES,1609293342
414,Sandwick,60.0,-1.25,37.4,68,59,4.7,GB,1609293343
415,Xicoténcatl,23.02,-98.88,71.01,72,0,10.0,MX,1609293345
416,Santa Maria,-29.68,-53.81,75.2,73,0,2.24,BR,1609293219
417,Golyshmanovo,56.4,68.37,-25.01,86,52,8.72,RU,1609293347
418,Segovia,41.17,-4.0,36.0,70,30,1.99,ES,1609293348
419,Mackay,-21.15,149.2,77.0,88,90,5.82,AU,1609293350
420,Papetoai,-17.5,-149.87,87.8,62,75,4.7,PF,1609293351
421,Brae,60.4,-1.35,37.4,82,47,4.7,GB,1609293352
422,Lagunas,-5.23,-75.68,73.71,92,43,0.87,PE,1609293353
423,Funadhoo,6.15,73.27,81.86,77,82,11.23,MV,1609293354
424,Saint-Joseph,-21.37,55.62,75.2,73,0,16.11,RE,1609293356
425,Deputatsky,69.3,139.9,-27.4,87,2,2.73,RU,1609293357
426,Hinatuan,8.37,126.33,84.88,66,92,3.42,PH,1609293358
427,Longjiang,47.33,123.18,0.43,76,91,13.15,CN,1609293359
428,Kupang,-10.17,123.58,82.4,83,75,9.17,ID,1609293360
429,Udachny,66.42,112.4,-13.0,75,90,8.95,RU,1609293362
430,Lékoni,-1.58,14.26,73.09,84,100,4.34,GA,1609293363
431,Kieta,-6.22,155.63,83.7,70,100,3.33,PG,1609293364
432,Port Keats,-14.25,129.55,86.04,69,100,3.53,AU,1609293365
433,Hofn,64.25,-15.21,25.0,84,0,14.85,IS,1609293367
434,Mastic Beach,40.77,-72.85,30.2,46,1,4.7,US,1609293110
435,Camacha,33.08,-16.33,59.0,62,40,6.93,PT,1609293369
436,Shimoda,34.67,138.95,62.6,88,75,14.99,JP,1609293371
437,Plettenberg Bay,-34.05,23.37,62.55,74,43,6.26,ZA,1609293372
438,Taraz,42.9,71.37,10.4,85,0,2.24,KZ,1609293373
439,Golden,39.76,-105.22,28.99,74,40,3.36,US,1609293374
440,Buraidah,26.33,43.98,53.6,93,40,5.82,SA,1609293376
441,Galle,6.04,80.22,76.86,79,0,7.16,LK,1609293377
442,Sarkand,45.41,79.92,14.63,78,97,3.09,KZ,1609293378
443,Boa Vista,2.82,-60.67,78.8,83,75,6.93,BR,1609293380
444,Verkhnyaya Toyma,62.23,45.0,3.31,91,100,7.96,RU,1609293381
445,Yarmouth,41.71,-70.23,30.99,36,1,10.29,US,1609293259
446,Viramgam,23.12,72.05,50.0,45,0,6.93,IN,1609293383
447,Tabory,58.52,64.55,-19.84,87,80,5.82,RU,1609293385
448,Mabaruma,8.2,-59.78,75.31,93,93,2.46,GY,1609293386
449,Abu Kamal,34.45,40.92,47.98,48,0,4.32,SY,1609293387
450,Bahía Solano,6.23,-77.4,76.6,83,86,3.11,CO,1609293388
451,Broome,42.25,-75.83,21.99,73,1,4.7,US,1609293389
452,Acaraú,-2.89,-40.12,79.86,78,9,15.86,BR,1609293391
453,Mathbaria,22.29,89.96,62.89,54,0,6.08,BD,1609293392
454,Nouadhibou,20.93,-17.03,64.4,88,0,11.41,MR,1609293393
455,Batagay-Alyta,67.8,130.41,-16.28,82,99,4.88,RU,1609293394
456,Trincomalee,8.57,81.23,77.86,85,1,3.85,LK,1609293396
457,Nigrán,42.14,-8.81,45.0,93,40,2.24,ES,1609293397
458,San Marcos,33.14,-117.17,57.99,62,1,4.43,US,1609293398
459,Albertville,34.27,-86.21,46.4,65,1,10.22,US,1609293399
460,Darnah,32.77,22.64,57.69,51,70,17.43,LY,1609293138
461,Gamba,-2.65,10.0,76.44,90,100,2.51,GA,1609293402
462,Takoradze,4.88,-1.76,79.34,86,0,7.72,GH,1609293403
463,Kenai,60.55,-151.26,32.0,74,1,17.22,US,1609293404
464,Puerto Peñasco,31.32,-113.53,57.99,62,2,5.99,MX,1609293405
465,Yenagoa,4.92,6.26,76.35,91,87,3.53,NG,1609293407
466,Nassau,40.75,-73.58,32.0,80,1,4.7,US,1609293408
467,Altay,47.87,88.12,5.04,59,88,1.45,CN,1609293409
468,Turochak,52.26,87.12,0.12,87,100,2.19,RU,1609293410
469,Bonnyville,54.27,-110.73,12.2,85,20,4.7,CA,1609293145
470,Bitung,1.45,125.18,84.2,74,20,5.82,ID,1609293413
471,Aktau,43.65,51.2,21.2,85,0,11.18,KZ,1609293414
472,Tabuk,17.42,121.44,74.98,91,97,9.22,PH,1609293415
473,Kaili,-3.46,120.21,78.33,78,100,1.41,ID,1609293416
474,Kruisfontein,-34.0,24.73,57.88,91,1,5.3,ZA,1609293417
475,Kiryat Gat,31.61,34.76,54.0,42,0,1.61,IL,1609293361
476,Cristalina,-16.77,-47.61,64.38,95,100,4.25,BR,1609293420
477,Balsas,-7.53,-46.04,76.05,70,50,2.33,BR,1609293194
478,Otane,-39.88,176.63,66.99,66,50,3.0,NZ,1609293422
479,Cairns,-16.92,145.77,91.0,62,100,6.93,AU,1609293256
480,Glenwood Springs,39.55,-107.32,21.2,92,1,3.36,US,1609293358
481,Tynda,55.17,124.72,-21.41,80,98,5.32,RU,1609293426
482,Peleduy,59.63,112.74,-24.2,83,100,9.95,RU,1609293427
483,Isangel,-19.55,169.27,84.2,79,75,11.41,VU,1609293429
484,General Pico,-35.66,-63.76,81.07,29,1,13.42,AR,1609293430
485,Lumeje,-11.55,20.78,65.8,96,100,4.63,AO,1609293431
486,Alice Springs,-23.7,133.88,84.2,17,0,10.29,AU,1609293433
487,Kamaishi,39.27,141.88,30.2,92,90,19.46,JP,1609293434
488,Boyolangu,-8.12,111.89,82.04,75,61,4.23,ID,1609293435
489,Pandaria,22.23,81.42,59.79,66,81,1.7,IN,1609293436
490,Santa Barbara,34.73,-120.03,51.8,50,1,6.87,US,1609293155
491,Chilca,-12.52,-76.74,70.0,88,75,12.75,PE,1609293439
492,Klaksvík,62.23,-6.59,35.6,80,100,21.92,FO,1609293440
493,Baruun-Urt,46.68,113.28,-18.04,82,0,12.68,MN,1609293441
494,Pudozh,61.81,36.53,17.65,97,100,9.8,RU,1609293442
495,Guarapari,-20.67,-40.5,75.2,83,40,3.36,BR,1609293444
496,Constitución,-35.33,-72.42,55.89,78,0,10.67,CL,1609293445
497,Jaen,38.0,-3.5,39.0,89,0,3.0,ES,1609293290
498,Aleksandrovsk-Sakhalinskiy,50.9,142.16,-6.25,86,100,5.77,RU,1609293447
499,Kigoma,-4.88,29.63,71.98,81,100,5.44,TZ,1609293448
500,Okato,-39.2,173.88,69.01,58,93,11.01,NZ,1609293450
501,Zeya,53.75,127.27,-10.71,74,0,10.63,RU,1609293451
502,Jieshi,22.81,115.83,55.0,54,66,5.99,CN,1609293452
503,Artesia,33.87,-118.08,62.6,48,1,3.36,US,1609293453
504,Kendari,-3.94,122.5,84.92,73,100,3.47,ID,1609293328
505,São Filipe,14.9,-24.5,74.39,79,0,12.59,CV,1609293456
506,Ishigaki,24.34,124.16,59.0,82,75,26.4,JP,1609293457
507,Kavieng,-2.57,150.8,85.93,59,54,1.9,PG,1609293458
508,Sarab,38.61,44.99,26.04,86,0,1.19,IR,1609293459
509,Gudāri,19.35,83.78,62.33,64,0,2.21,IN,1609293460
510,Kostomuksha,64.57,30.58,24.76,97,100,9.8,RU,1609293462
511,Korhogo,9.45,-5.63,68.14,22,0,3.98,CI,1609293463
512,Pierre,44.37,-100.35,30.2,80,90,24.16,US,1609293464
513,Sechura,-5.56,-80.82,71.69,78,19,15.95,PE,1609293465
514,Ajdabiya,30.76,20.23,54.45,56,0,12.21,LY,1609293466
515,Yumen,40.28,97.2,1.17,77,4,13.18,CN,1609293468
516,Belyy Yar,53.6,91.39,-20.2,75,100,2.24,RU,1609293469
517,Ilo,-17.64,-71.34,72.73,76,93,10.98,PE,1609293470
518,Shestakovo,56.49,103.96,-21.19,80,0,1.05,RU,1609293471
519,Dingle,11.0,122.67,81.43,84,100,8.61,PH,1609293473
520,Abu Dhabi,24.47,54.37,64.4,77,0,1.12,AE,1609293404
521,Aliwal North,-30.69,26.71,67.71,78,57,2.08,ZA,1609293475
522,Esim,4.87,-2.24,79.07,87,0,7.23,GH,1609293476
523,Seddon,-37.81,144.89,73.99,60,40,12.75,AU,1609293477
524,Faya,18.39,42.45,53.6,76,0,5.82,SA,1609293479
525,Øksfjord,70.24,22.35,32.0,73,86,19.46,NO,1609293480
526,Manaus,-3.1,-60.02,75.2,94,75,6.93,BR,1609293229
527,Ballina,-28.87,153.57,77.0,83,75,9.17,AU,1609293482
528,Prince Rupert,54.32,-130.32,42.8,86,90,8.05,CA,1609293246
529,Flinders,-34.58,150.86,69.01,83,97,1.99,AU,1609293485
530,Ginda,30.69,78.49,35.22,38,20,7.27,IN,1609293486
531,Ust'-Koksa,50.27,85.61,5.5,76,100,1.16,RU,1609293487
532,Venezuela,8.0,-66.0,81.32,63,69,18.75,VE,1609293488
533,Hastings,50.86,0.57,39.0,81,10,4.0,GB,1609293489
534,Dunedin,-45.87,170.5,61.45,68,99,5.19,NZ,1609293491
535,Taseyevo,57.22,94.9,-23.87,84,96,4.34,RU,1609293492
536,Saint Anthony,45.02,-93.22,21.99,85,90,8.05,US,1609293493
537,Anastácio,-20.48,-55.81,75.22,88,100,2.84,BR,1609293466
538,Quesnel,53.0,-122.5,19.4,100,90,5.23,CA,1609293496
539,Wasilla,61.58,-149.44,32.0,87,1,10.29,US,1609293497
540,Maragogi,-9.01,-35.22,76.26,79,64,7.94,BR,1609293498
541,Buluang,13.31,123.34,86.02,66,88,2.28,PH,1609293499
542,Muros,42.78,-9.06,39.0,96,40,3.0,ES,1609293500
543,Bathsheba,13.22,-59.52,75.2,88,20,5.82,BB,1609293502
544,Nicoya,10.15,-85.45,78.8,69,75,9.17,CR,1609293503
545,Novo Aripuanã,-5.12,-60.38,73.49,97,100,2.46,BR,1609293504
546,Leh,34.17,77.58,-4.41,62,0,2.01,IN,1609293505
547,Hamilton,39.18,-84.53,36.0,51,90,5.82,US,1609293506
548,Port Orange,29.14,-81.0,61.0,93,20,3.36,US,1609293508
549,Salinas,36.68,-121.66,55.4,54,1,12.75,US,1609293234
550,Puerto Escondido,15.85,-97.07,75.2,78,75,3.36,MX,1609293510
551,Aykhal,66.0,111.5,-13.0,75,90,8.95,RU,1609293511
552,San Mateo Ixtatán,15.83,-91.48,45.81,100,95,2.95,GT,1609293512
553,Inuvik,68.35,-133.72,-9.4,83,99,5.84,CA,1609293514
554,Maraã,-1.83,-65.37,70.93,98,100,4.03,BR,1609293515
